{
  "performances": {
    "random_forest": {
      "accuracy": 0.6137931034482759,
      "auc": 0.5480563380281691,
      "classification_report": {
        "0": {
          "precision": 0.5172413793103449,
          "recall": 0.06666666666666667,
          "f1-score": 0.11811023622047244,
          "support": 225.0
        },
        "1": {
          "precision": 0.6188747731397459,
          "recall": 0.9605633802816902,
          "f1-score": 0.7527593818984547,
          "support": 355.0
        },
        "accuracy": 0.6137931034482759,
        "macro avg": {
          "precision": 0.5680580762250453,
          "recall": 0.5136150234741784,
          "f1-score": 0.4354348090594636,
          "support": 580.0
        },
        "weighted avg": {
          "precision": 0.5794480255335127,
          "recall": 0.6137931034482759,
          "f1-score": 0.506559282281996,
          "support": 580.0
        }
      }
    },
    "gradient_boosting": {
      "accuracy": 0.6103448275862069,
      "auc": 0.5426478873239436,
      "classification_report": {
        "0": {
          "precision": 0.4927536231884058,
          "recall": 0.1511111111111111,
          "f1-score": 0.23129251700680273,
          "support": 225.0
        },
        "1": {
          "precision": 0.6262230919765166,
          "recall": 0.9014084507042254,
          "f1-score": 0.7390300230946882,
          "support": 355.0
        },
        "accuracy": 0.6103448275862069,
        "macro avg": {
          "precision": 0.5594883575824612,
          "recall": 0.5262597809076682,
          "f1-score": 0.4851612700507455,
          "support": 580.0
        },
        "weighted avg": {
          "precision": 0.5744461428776805,
          "recall": 0.6103448275862069,
          "f1-score": 0.5420628871123189,
          "support": 580.0
        }
      }
    },
    "svm": {
      "accuracy": 0.6086206896551725,
      "auc": 0.5202754303599374,
      "classification_report": {
        "0": {
          "precision": 0.25,
          "recall": 0.0044444444444444444,
          "f1-score": 0.008733624454148471,
          "support": 225.0
        },
        "1": {
          "precision": 0.6111111111111112,
          "recall": 0.9915492957746479,
          "f1-score": 0.7561761546723953,
          "support": 355.0
        },
        "accuracy": 0.6086206896551725,
        "macro avg": {
          "precision": 0.4305555555555556,
          "recall": 0.4979968701095462,
          "f1-score": 0.3824548895632719,
          "support": 580.0
        },
        "weighted avg": {
          "precision": 0.4710249042145594,
          "recall": 0.6086206896551725,
          "f1-score": 0.46622000070842023,
          "support": 580.0
        }
      }
    }
  },
  "ensemble_performance": {
    "accuracy": 0.6155172413793103,
    "auc": 0.5484444444444445,
    "classification_report": {
      "0": {
        "precision": 0.5384615384615384,
        "recall": 0.06222222222222222,
        "f1-score": 0.11155378486055777,
        "support": 225.0
      },
      "1": {
        "precision": 0.6191335740072202,
        "recall": 0.9661971830985916,
        "f1-score": 0.7546754675467546,
        "support": 355.0
      },
      "accuracy": 0.6155172413793103,
      "macro avg": {
        "precision": 0.5787975562343793,
        "recall": 0.5142097026604069,
        "f1-score": 0.4331146262036562,
        "support": 580.0
      },
      "weighted avg": {
        "precision": 0.5878383878041541,
        "recall": 0.6155172413793103,
        "f1-score": 0.5051886078840059,
        "support": 580.0
      }
    }
  },
  "metadata": {
    "trained_at": "2025-07-01T23:28:48.791652",
    "data_info": {
      "total_samples": 2900,
      "sequence_length": 100,
      "window_size": 3000,
      "created_at": "2025-07-01T23:28:37.554756"
    },
    "model_types": [
      "rf",
      "gb",
      "svm"
    ]
  }
}